molecule_chembl_id,bioactivity_class,pIC50,canonical_smiles,MW,LogP,NumHDonors,NumHAcceptors
CHEMBL3639825,active,6.978810700930062,CC(=O)NCCN1CCC[C@H](n2nc(C(=O)N3CCOCC3)c3c2-c2ccccc2S(=O)(=O)C3)C1,501.6090000000004,1.082800000000001,1.0,7.0
CHEMBL3678595,active,6.057495893831919,CC(=O)Nc1ccc2c(c1)-c1c(c(C(=O)N3CCOCC3)nn1-c1ccccc1)CS2(=O)=O,466.5190000000002,2.2574000000000005,1.0,6.0
CHEMBL3683539,active,6.546681659952962,CC(=O)Nc1nc2c(s1)S(=O)(=O)Cc1c(C(=O)N3CCOCC3)nn(C3CCOCC3)c1-2,481.55600000000044,1.0761999999999996,1.0,9.0
CHEMBL3683549,active,6.059981844992337,CC(=O)OCCN1CCC(n2nc(C(=O)N3CCOCC3)c3c2-c2ccccc2S(=O)(=O)C3)C1,488.5660000000004,1.1197000000000004,0.0,8.0
CHEMBL3678705,active,6.231361898752385,CC(C)(C)CCN1CCCC(n2nc(C(=O)N3CCOCC3)c3c2-c2ccccc2S(=O)(=O)C3)C1,500.6650000000004,3.382900000000002,0.0,6.0
CHEMBL3678554,active,6.305394801066432,CC(C)(C)OC(=O)N1CCC(Cn2nc(C(=O)N3CCOCC3)c3c2-c2ccccc2S(=O)(=O)C3)CC1,530.6470000000003,2.956900000000002,0.0,7.0
CHEMBL3678605,active,6.092588639225414,CC(C)(C)OC(=O)N1CCC(n2nc(C(=O)N3CCOCC3)c3c2-c2ccccc2S(=O)(=O)C3)CC1,516.6200000000003,2.881800000000002,0.0,7.0
CHEMBL3683507,active,6.084072788302884,CC(C)(C)OC(=O)N1CCCC(n2nc(C(=O)N3CCOCC3)c3c2-c2ccccc2S(=O)(=O)C3)CC1,530.6470000000003,3.2719000000000023,0.0,7.0
CHEMBL3683682,active,6.467245621007502,CC(C)(CN1CCOCC1)c1ccc(-n2nc(C(=O)N3CCOCC3)c3c2-c2ccccc2S(=O)(=O)C3)cc1,550.6810000000004,2.908800000000001,0.0,7.0
CHEMBL3683678,active,6.2335871528876,CC(C)(c1ccc(-n2nc(C(=O)N3CCOCC3)c3c2-c2ccccc2S(=O)(=O)C3)cc1)N1CCOCC1,536.6540000000001,2.8663000000000016,0.0,7.0
CHEMBL3678658,active,6.860120913598763,CC(C)CCN1CCCC(n2nc(C(=O)N3CCOCC3)c3c2-c2ccccc2S(=O)(=O)C3)C1,486.6380000000004,2.9928000000000017,0.0,6.0
CHEMBL3678717,active,6.777283528852417,CC(C)CCOC1CCN(Cc2ccc(-n3nc(C(=O)N4CCOCC4)c4c3-c3ccccc3S(=O)(=O)C4)cc2)C1,578.7350000000002,3.9360000000000035,0.0,7.0
CHEMBL3678719,active,6.410050398674292,CC(C)CCOC1CCN(Cc2cccc(-n3nc(C(=O)N4CCOCC4)c4c3-c3ccccc3S(=O)(=O)C4)c2)C1,578.7350000000002,3.9360000000000035,0.0,7.0
CHEMBL3678561,active,6.017728766960431,CC(C)Cn1nc(C(=O)N2CCOCC2)c2c1-c1ccccc1S(=O)(=O)C2,389.47700000000003,1.9658,0.0,5.0
CHEMBL3678656,active,6.302770657240282,CC1(C)CCCC(n2nc(C(=O)N3CCOCC3)c3c2-c2ccccc2S(=O)(=O)C3)C1,443.5690000000002,3.451100000000002,0.0,5.0
CHEMBL3683601,active,7.136677139879544,CC1(C)CN(CCN2CCC[C@H](n3nc(C(=O)N4CCOCC4)c4c3-c3ccccc3S(=O)(=O)C4)C2)CCO1,557.7170000000003,2.057500000000001,0.0,8.0
CHEMBL3683659,active,6.920818753952375,CC1(C)CN(Cc2ccc(-n3nc(C(=O)N4CCOCC4)c4c3-c3ccccc3S(=O)(=O)C4)cc2)CCO1,536.6540000000003,2.9098000000000015,0.0,7.0
CHEMBL3678613,active,6.370590400897281,CC1CCC(n2nc(C(=O)N3CCOCC3)c3c2-c2ccccc2S(=O)(=O)C3)CC1,429.5420000000002,3.0610000000000017,0.0,5.0
CHEMBL3683614,active,7.5376020021010435,CC1CN(CCN2CCC[C@H](n3nc(C(=O)N4CCOCC4)c4c3-c3ccccc3S(=O)(=O)C4)C2)CCO1,543.6900000000004,1.667400000000001,0.0,8.0
CHEMBL3683657,active,7.2441251443275085,CC1CN(Cc2ccc(-n3nc(C(=O)N4CCOCC4)c4c3-c3ccccc3S(=O)(=O)C4)cc2)CC(C)O1,536.6540000000003,2.9082000000000017,0.0,7.0
CHEMBL3683654,active,6.978810700930062,CC1CN(Cc2ccc(-n3nc(C(=O)N4CCOCC4)c4c3-c3ccccc3S(=O)(=O)C4)cc2)CCO1,522.6270000000003,2.519700000000001,0.0,7.0
CHEMBL3683574,inactive,4.858518870729196,CC1COCCN1C(=O)c1nn(-c2ccccc2)c2c1CS(=O)(=O)c1ccccc1-2,423.49400000000026,2.687500000000001,0.0,5.0
CHEMBL3683607,active,6.995678626217358,CC1COCCN1CCN1CCC[C@H](n2nc(C(=O)N3CCOCC3)c3c2-c2ccccc2S(=O)(=O)C3)C1,543.6900000000002,1.667400000000002,0.0,8.0
CHEMBL3683589,active,6.7447274948966935,CC1COCCN1Cc1ccc(-n2nc(C(=O)N3CCOCC3)c3c2-c2ccccc2S(=O)(=O)C3)cc1,522.6270000000004,2.5197000000000003,0.0,7.0
CHEMBL3678559,active,6.423658649794207,CCCCn1nc(C(=O)N2CCOCC2)c2c1-c1ccccc1S(=O)(=O)C2,389.47700000000003,2.1098999999999997,0.0,5.0
CHEMBL3678550,active,6.193141970481182,CCCn1nc(C(=O)N2CCOCC2)c2c1-c1ccccc1S(=O)(=O)C2,375.45000000000005,1.7198,0.0,5.0
CHEMBL3683618,active,6.6020599913279625,CCOc1ccc2c(c1)S(=O)(=O)Cc1c(C(=O)N3CCOCC3)nn(-c3ccc(CN4CCOCC4)cc3)c1-2,552.6530000000004,2.5299000000000005,0.0,8.0
CHEMBL3678548,active,6.221125527997261,CCn1nc(C(=O)N2CCOCC2)c2c1-c1ccccc1S(=O)(=O)C2,361.42300000000006,1.3297000000000003,0.0,5.0
CHEMBL3683679,active,6.798602875679548,CN(C)CC(C)(C)c1ccc(-n2nc(C(=O)N3CCOCC3)c3c2-c2ccccc2S(=O)(=O)C3)cc1,508.64400000000035,3.138200000000002,0.0,6.0
CHEMBL3683503,active,7.142667503568731,CN(C)CCN1CCCC(n2nc(C(=O)N3CCOCC3)c3c2-c2ccccc2S(=O)(=O)C3)C1,487.6260000000003,1.5083000000000009,0.0,7.0
CHEMBL3678711,active,7.366531544420414,CN(C)Cc1ccc(-n2nc(C(=O)N3CCOCC3)c3c2-c2ccccc2S(=O)(=O)C3)cc1,466.56300000000016,2.3606000000000007,0.0,6.0
CHEMBL3678692,active,6.193141970481182,CN(C)S(=O)(=O)c1cccc(-n2nc(C(=O)N3CCOCC3)c3c2-c2ccccc2S(=O)(=O)C3)c1,516.6010000000005,1.5493000000000003,0.0,7.0
CHEMBL3683672,active,7.552841968657781,CN1CCC(N2CCC[C@H](n3nc(C(=O)N4CCOCC4)c4c3-c3ccccc3S(=O)(=O)C4)C2)CC1,513.6640000000004,2.0409000000000006,0.0,7.0
CHEMBL3683675,active,7.698970004336019,CN1CCC(OCCN2CCC[C@H](n3nc(C(=O)N4CCOCC4)c4c3-c3ccccc3S(=O)(=O)C4)C2)CC1,557.7170000000001,2.057500000000002,0.0,8.0
CHEMBL3683680,active,7.7447274948966935,CN1CCCC(N2CCC[C@H](n3nc(C(=O)N4CCOCC4)c4c3-c3ccccc3S(=O)(=O)C4)C2)C1,513.6640000000004,2.0409000000000006,0.0,7.0
CHEMBL3678585,active,6.112382699664264,CN1CCCC(n2nc(C(=O)N3CCOCC3)c3c2-c2ccccc2S(=O)(=O)C3)C1,430.53000000000014,1.5765000000000002,0.0,6.0
CHEMBL3678610,active,6.5968794788241825,CN1CCN(C(=O)c2cccc(-n3nc(C(=O)N4CCOCC4)c4c3-c3ccccc3S(=O)(=O)C4)c2)CC1,535.6260000000003,1.6866000000000003,0.0,7.0
CHEMBL3683502,active,6.474955192963154,CN1CCN(Cc2ccc(-n3nc(C(=O)N4CCOCC4)c4c3-c3ccccc3S(=O)(=O)C4)cn2)CC1,522.6310000000003,1.4414000000000007,0.0,8.0
CHEMBL3683670,active,6.645891560852599,CNCc1ccc(-n2nc(C(=O)N3CCOCC3)c3c2-c2ccccc2S(=O)(=O)C3)cc1,452.5360000000001,2.0183999999999997,1.0,6.0
CHEMBL3683655,active,7.318758762624412,COC(=O)CCN1CCC[C@H](n2nc(C(=O)N3CCOCC3)c3c2-c2ccccc2S(=O)(=O)C3)C1,502.5930000000004,1.5098,0.0,8.0
CHEMBL3639775,active,6.3655227298392685,COC(=O)c1ccc(Cn2nc(C(=O)N3CCOCC3)c3c2-c2ccccc2S(=O)(=O)C3)o1,471.49100000000027,1.7377,0.0,8.0
CHEMBL3678644,active,6.609064892896621,COC1CCCN(C(=O)c2cccc(-n3nc(C(=O)N4CCOCC4)c4c3-c3ccccc3S(=O)(=O)C4)c2)C1,550.6370000000003,2.5500000000000007,0.0,7.0
CHEMBL3678627,active,6.519993057042849,COC1CCN(C(=O)c2cccc(-n3nc(C(=O)N4CCOCC4)c4c3-c3ccccc3S(=O)(=O)C4)c2)CC1,550.6370000000003,2.5500000000000007,0.0,7.0
CHEMBL3683695,active,7.886056647693163,COC1CCN(CCN2CCC[C@H](n3nc(C(=O)N4CCOCC4)c4c3-c3ccc(F)cc3S(=O)(=O)C4)C2)CC1,575.707,2.1966,0.0,8.0
CHEMBL3683661,active,7.6020599913279625,COC1CCN(CCN2CCC[C@H](n3nc(C(=O)N4CCOCC4)c4c3-c3ccccc3S(=O)(=O)C4)C2)C1,543.6900000000002,1.667400000000002,0.0,8.0
CHEMBL3683681,active,7.6777807052660805,COC1CCN(CCN2CCC[C@H](n3nc(C(=O)N4CCOCC4)c4c3-c3ccccc3S(=O)(=O)C4)C2)CC1,557.7170000000001,2.057500000000002,0.0,8.0
CHEMBL3683517,active,7.229147988357855,COC1CCN(Cc2ccc(-n3nc(C(=O)N4CCOCC4)c4c3-c3ccccc3S(=O)(=O)C4)cc2)C1,522.6270000000003,2.519700000000001,0.0,7.0
CHEMBL3678653,active,6.603800652904264,COC1CCN(Cc2ccc(-n3nc(C(=O)N4CCOCC4)c4c3-c3ccccc3S(=O)(=O)C4)cc2)CC1,536.6540000000002,2.9098000000000015,0.0,7.0
CHEMBL3683516,active,6.455931955649724,COC1CCN(Cc2cccc(-n3nc(C(=O)N4CCOCC4)c4c3-c3ccccc3S(=O)(=O)C4)c2)C1,522.6270000000004,2.519700000000001,0.0,7.0
CHEMBL3678718,active,6.619788758288394,COC1CCN(Cc2cccc(-n3nc(C(=O)N4CCOCC4)c4c3-c3ccccc3S(=O)(=O)C4)c2)CC1,536.6540000000003,2.9098000000000015,0.0,7.0
CHEMBL3683667,active,7.698970004336019,COC1CN(CCN2CCC[C@H](n3nc(C(=O)N4CCOCC4)c4c3-c3ccccc3S(=O)(=O)C4)C2)C1,529.6630000000002,1.2773000000000023,0.0,8.0
CHEMBL3683522,active,6.782516055786093,COC1CN(Cc2ccc(-n3nc(C(=O)N4CCOCC4)c4c3-c3ccccc3S(=O)(=O)C4)cc2)C1,508.6000000000003,2.1296,0.0,7.0
CHEMBL3683512,active,6.557520230935552,COC1CN(Cc2cccc(-n3nc(C(=O)N4CCOCC4)c4c3-c3ccccc3S(=O)(=O)C4)c2)C1,508.60000000000036,2.1296,0.0,7.0
CHEMBL3683668,active,6.583359492661719,COCC(=O)N1CCC[C@H](n2nc(C(=O)N3CCOCC3)c3c2-c2ccccc2S(=O)(=O)C3)C1,488.5660000000003,1.1197000000000004,0.0,7.0
CHEMBL3683506,active,6.034798298974088,COCCCN1CCC(n2nc(C(=O)N3CCOCC3)c3c2-c2ccccc2S(=O)(=O)C3)C1,474.5830000000003,1.5931000000000002,0.0,7.0
CHEMBL3678657,active,6.853871964321762,COCCCN1CCCC(n2nc(C(=O)N3CCOCC3)c3c2-c2ccccc2S(=O)(=O)C3)C1,488.61000000000035,1.9832,0.0,7.0
CHEMBL3683508,active,6.3585258894959,COCCCN1CCCC(n2nc(C(=O)N3CCOCC3)c3c2-c2ccccc2S(=O)(=O)C3)CC1,502.6370000000004,2.3733000000000004,0.0,7.0
CHEMBL3678555,active,6.042392712939905,COCCCn1nc(C(=O)N2CCOCC2)c2c1-c1ccccc1S(=O)(=O)C2,405.4760000000001,1.3463,0.0,6.0
CHEMBL3683660,active,7.346787486224656,COCCN(C)CCN1CCC[C@H](n2nc(C(=O)N3CCOCC3)c3c2-c2ccccc2S(=O)(=O)C3)C1,531.6790000000002,1.5249000000000021,0.0,8.0
CHEMBL3683648,active,6.94692155651658,COCCN(C)Cc1ccc(-n2nc(C(=O)N3CCOCC3)c3c2-c2ccccc2S(=O)(=O)C3)cc1,510.6160000000003,2.377200000000001,0.0,7.0
CHEMBL3683669,active,6.94692155651658,COCCN(CCOC)CCN1CCC[C@H](n2nc(C(=O)N3CCOCC3)c3c2-c2ccccc2S(=O)(=O)C3)C1,575.7320000000002,1.5415000000000034,0.0,9.0
CHEMBL3678675,active,6.166852888087215,COCCN1CCC(Cn2nc(C(=O)N3CCOCC3)c3c2-c2ccccc2S(=O)(=O)C3)CC1,488.61000000000035,1.6682000000000001,0.0,7.0
CHEMBL3678618,active,6.72584215073632,COCCN1CCCC(n2nc(C(=O)N3CCOCC3)c3c2-c2ccccc2S(=O)(=O)C3)C1,474.5830000000003,1.5931000000000002,0.0,7.0
CHEMBL3683509,active,6.320572103387881,COCCN1CCCC(n2nc(C(=O)N3CCOCC3)c3c2-c2ccccc2S(=O)(=O)C3)CC1,488.61000000000035,1.9832,0.0,7.0
CHEMBL3683622,active,7.031517051446065,COCCN1CCC[C@H](n2nc(C(=O)N3CCOCC3)c3c2-c2ccc(OC)cc2S(=O)(=O)C3)C1,504.6090000000004,1.6017000000000006,0.0,8.0
CHEMBL3683688,active,7.017728766960431,COCCN1CCC[C@H](n2nc(C(=O)N3CCOCC3)c3c2-c2cccc(C)c2S(=O)(=O)C3)C1,488.61000000000035,1.90152,0.0,7.0
CHEMBL3683656,active,7.508638306165727,COCCN1CCC[C@H](n2nc(C(=O)N3CCOCC3)c3c2-c2cccc(F)c2S(=O)(=O)C3)C1,492.5730000000003,1.7322000000000004,0.0,7.0
CHEMBL3683650,active,6.892790030352131,COCCN1CCC[C@H](n2nc(C(=O)N3CCOCC3)c3c2-c2cccc(OC)c2S(=O)(=O)C3)C1,504.6090000000004,1.6017000000000006,0.0,8.0
CHEMBL3683581,active,7.3979400086720375,COCCN1CCC[C@H](n2nc(C(=O)N3CCOCC3)c3c2-c2ccccc2S(=O)(=O)C3)C1,474.5830000000003,1.5931000000000002,0.0,7.0
CHEMBL3683666,active,7.468521082957745,COCCNCCN1CCC[C@H](n2nc(C(=O)N3CCOCC3)c3c2-c2ccccc2S(=O)(=O)C3)C1,517.6520000000004,1.1827000000000019,1.0,8.0
CHEMBL3683653,active,6.785156151952302,COCCNCc1ccc(-n2nc(C(=O)N3CCOCC3)c3c2-c2ccccc2S(=O)(=O)C3)cc1,496.5890000000003,2.035,1.0,7.0
CHEMBL3678641,active,6.044793462458058,COCCNc1ccc2c(c1)-c1c(c(C(=O)N3CCOCC3)nn1-c1ccccc1)CS2(=O)=O,482.5620000000002,2.3573000000000004,1.0,7.0
CHEMBL3678710,active,6.197226274708024,COCCOCCN1CCCC(n2nc(C(=O)N3CCOCC3)c3c2-c2ccccc2S(=O)(=O)C3)C1,518.6360000000003,1.6097000000000015,0.0,8.0
CHEMBL3683577,active,6.139063379299906,COCCOc1cccc(-n2nc(C(=O)N3CCOCC3)c3c2-c2ccccc2S(=O)(=O)C3)c1,483.5460000000003,2.3242000000000003,0.0,7.0
CHEMBL3683699,inactive,4.931814138253838,COCN1c2c(C(=O)N3CCOCC3)nn(-c3ccccc3)c2-c2ccccc2S1(=O)=O,454.5080000000001,2.1243,0.0,6.0
CHEMBL3683528,active,6.175874166083451,COCc1ccc(-n2nc(C(=O)N3CCOCC3)c3c2-c2ccccc2S(=O)(=O)C3)cc1,453.52000000000015,2.445400000000001,0.0,6.0
CHEMBL3683498,active,6.001304841688344,COCc1cccc(-n2nc(C(=O)N3CCOCC3)c3c2-c2ccccc2S(=O)(=O)C3)c1,453.52000000000015,2.4454000000000002,0.0,6.0
CHEMBL3678521,active,6.125518182300533,COc1ccc(-n2nc(C(=O)N3CCOCC3)c3c2-c2ccccc2S(=O)(=O)C3)cc1,439.4930000000001,2.3076,0.0,6.0
CHEMBL3683565,inactive,4.839921818979129,COc1ccc(C(=O)Cn2nc(C(=O)N3CCOCC3)c3c2-c2ccccc2S(=O)(=O)C3)cc1,481.53000000000026,2.2013,0.0,7.0
CHEMBL3678549,active,6.338187314462739,COc1ccc(Cn2nc(C(=O)N3CCOCC3)c3c2-c2ccccc2S(=O)(=O)C3)cc1,453.52000000000015,2.3667000000000007,0.0,6.0
CHEMBL3683674,active,7.552841968657781,COc1ccc2c(c1)-c1c(c(C(=O)N3CCOCC3)nn1C1CCCN(CCN3CCOCC3)C1)CS2(=O)=O,559.6890000000005,1.2875000000000025,0.0,9.0
CHEMBL3678517,active,6.45717457304082,COc1ccc2c(c1)S(=O)(=O)Cc1c(C(=O)N3CCOCC3)nn(-c3ccccc3)c1-2,439.4930000000002,2.3076,0.0,6.0
CHEMBL3678516,active,6.374687549038326,COc1ccc2c(c1)S(=O)(=O)Cc1c(C(=O)N3CCOCC3)nn(C)c1-2,377.4220000000002,0.8553999999999997,0.0,6.0
CHEMBL3683604,inactive,4.987162775294828,COc1ccc2c(c1)S(=O)(=O)Cc1c(C(=O)N3CCOCC3)nn([C@@H]3CCCN(CCC4CCOCC4)C3)c1-2,558.7010000000002,2.772000000000001,0.0,8.0
CHEMBL3683617,active,7.619788758288394,COc1ccc2c(c1)S(=O)(=O)Cc1c(C(=O)N3CCOCC3)nn([C@H]3CCCN(C4CCCOC4)C3)c1-2,530.6470000000004,2.1342999999999996,0.0,8.0
CHEMBL3683623,active,7.356547323513812,COc1ccc2c(c1)S(=O)(=O)Cc1c(C(=O)N3CCOCC3)nn([C@H]3CCCN(CC4CCOC4)C3)c1-2,530.6470000000004,1.9918000000000002,0.0,8.0
CHEMBL3683600,active,7.568636235841013,COc1ccc2c(c1)S(=O)(=O)Cc1c(C(=O)N3CCOCC3)nn([C@H]3CCCN(CCC4CCOCC4)C3)c1-2,558.7010000000002,2.772000000000001,0.0,8.0
CHEMBL3683611,active,7.823908740944319,COc1ccc2c(c1)S(=O)(=O)Cc1c(C(=O)N3CCOCC3)nn([C@H]3CCCN(CCN4CC(F)(F)C4)C3)c1-2,565.6430000000003,1.9062000000000001,0.0,8.0
CHEMBL3683613,active,7.721246399047171,COc1ccc2c(c1)S(=O)(=O)Cc1c(C(=O)N3CCOCC3)nn([C@H]3CCCN(CCN4CCC(F)CC4)C3)c1-2,575.7070000000002,2.3892000000000007,0.0,8.0
CHEMBL3683612,active,7.619788758288394,COc1ccc2c(c1)S(=O)(=O)Cc1c(C(=O)N3CCOCC3)nn([C@H]3CCCN(CCN4CCOCC4)C3)c1-2,559.6890000000003,1.2875000000000016,0.0,9.0
CHEMBL3678513,active,6.338187314462739,COc1cccc2c1S(=O)(=O)Cc1c(C(=O)N3CCOCC3)nn(-c3ccccc3)c1-2,439.4930000000002,2.3076,0.0,6.0
CHEMBL3683664,active,7.3979400086720375,COc1cccc2c1S(=O)(=O)Cc1c(C(=O)N3CCOCC3)nn([C@H]3CCCN(CCN4CC(F)(F)C4)C3)c1-2,565.6430000000003,1.9062000000000001,0.0,8.0
CHEMBL3683665,active,7.2076083105017466,COc1cccc2c1S(=O)(=O)Cc1c(C(=O)N3CCOCC3)nn([C@H]3CCCN(CCN4CC(F)C4)C3)c1-2,547.6530000000002,1.6090000000000004,0.0,8.0
CHEMBL3683646,active,7.229147988357855,COc1cccc2c1S(=O)(=O)Cc1c(C(=O)N3CCOCC3)nn([C@H]3CCCN(CCN4CCOCC4)C3)c1-2,559.6890000000003,1.2875000000000016,0.0,9.0
CHEMBL3683562,inactive,4.828273546346769,COc1ccccc1-n1nc(C(=O)N2CCOCC2)c2c1-c1ccccc1S(=O)(=O)C2,439.49300000000017,2.3076,0.0,6.0
CHEMBL3678714,active,6.036212172654444,CS(=O)(=O)C1CCN(Cc2ccc(-n3nc(C(=O)N4CCOCC4)c4c3-c3ccccc3S(=O)(=O)C4)cc2)C1,570.6930000000002,1.9179,0.0,8.0
CHEMBL3683493,active,6.333482019445119,CS(=O)(=O)C1CCN(Cc2cccc(-n3nc(C(=O)N4CCOCC4)c4c3-c3ccccc3S(=O)(=O)C4)c2)C1,570.6930000000002,1.9178999999999997,0.0,8.0
CHEMBL3678620,active,6.002613615602686,CS(=O)(=O)N1CCCC(n2nc(C(=O)N3CCOCC3)c3c2-c2ccccc2S(=O)(=O)C3)C1,494.5950000000004,0.9063000000000008,0.0,7.0
CHEMBL3678576,active,6.375717904164332,CS(=O)(=O)NCc1ccc(-n2nc(C(=O)N3CCOCC3)c3c2-c2ccccc2S(=O)(=O)C3)cc1,516.6010000000005,1.3482,1.0,7.0
CHEMBL3683608,active,7.187086643357144,C[C@@H]1CN(CCN2CCC[C@H](n3nc(C(=O)N4CCOCC4)c4c3-c3ccccc3S(=O)(=O)C4)C2)C[C@H](C)O1,557.7170000000004,2.055900000000001,0.0,8.0
CHEMBL3678518,active,6.161150909262744,Cc1ccc(-n2nc(C(=O)N3CCOCC3)c3c2-c2ccccc2S(=O)(=O)C3)cc1,423.4940000000001,2.6074200000000003,0.0,5.0
CHEMBL3639773,active,6.033389013318065,Cc1cccc(-n2nc(C(=O)N3CCOCC3)c3c2-c2ccccc2S(=O)(=O)C3)c1,423.49400000000014,2.607420000000001,0.0,5.0
CHEMBL3683692,active,7.309803919971486,Cc1cccc2c1S(=O)(=O)Cc1c(C(=O)N3CCOCC3)nn([C@H]3CCCN(CCN4CCOCC4)C3)c1-2,543.6900000000004,1.5873200000000014,0.0,8.0
CHEMBL3683545,active,6.872895201635193,Cc1nc(CN2CCCC(n3nc(C(=O)N4CCOCC4)c4c3-c3ccccc3S(=O)(=O)C4)C2)no1,512.5920000000003,1.8383200000000002,0.0,9.0
CHEMBL3678535,active,6.1791420105603,Cc1nc2ccc(-n3nc(C(=O)N4CCOCC4)c4c3-c3ccccc3S(=O)(=O)C4)cc2s1,480.57100000000014,3.217120000000002,0.0,7.0
CHEMBL3678668,active,6.179798540514359,Cc1nnc(-c2cccc(-n3nc(C(=O)N4CCOCC4)c4c3-c3ccccc3S(=O)(=O)C4)c2)s1,507.59700000000026,3.1259200000000016,0.0,8.0
CHEMBL3678669,active,6.522878745280337,Cc1noc(C)c1-c1cccc(-n2nc(C(=O)N3CCOCC3)c3c2-c2ccccc2S(=O)(=O)C3)c1,504.5680000000003,3.5708400000000022,0.0,7.0
CHEMBL3678670,active,6.735182176990463,Cn1cc(-c2cccc(-n3nc(C(=O)N4CCOCC4)c4c3-c3ccccc3S(=O)(=O)C4)c2)cn1,489.5570000000002,2.6995000000000005,0.0,6.0
CHEMBL3678525,active,6.16304326294045,Cn1nc(C(=O)N2CCOCC2)c2c1-c1cccc(F)c1S(=O)(=O)C2,365.3860000000001,0.9859000000000002,0.0,5.0
CHEMBL3678577,active,6.424812155072339,N#Cc1cccc(-n2nc(C(=O)N3CCOCC3)c3c2-c2ccccc2S(=O)(=O)C3)c1,434.4770000000001,2.17068,0.0,6.0
CHEMBL3678572,active,6.019088062223156,NC(=O)c1cccc(-n2nc(C(=O)N3CCOCC3)c3c2-c2ccccc2S(=O)(=O)C3)c1,452.4920000000002,1.3978999999999997,1.0,6.0
CHEMBL3683673,active,7.136677139879544,NCCN1CCC[C@H](n2nc(C(=O)N3CCOCC3)c3c2-c2ccccc2S(=O)(=O)C3)C1,459.57200000000023,0.9054000000000011,1.0,7.0
CHEMBL3683691,active,6.45717457304082,NCc1ccc(-n2nc(C(=O)N3CCOCC3)c3c2-c2ccccc2S(=O)(=O)C3)cc1,438.5090000000001,1.7576999999999998,1.0,6.0
CHEMBL3678575,active,6.434152181326482,Nc1ccc2c(c1)-c1c(c(C(=O)N3CCOCC3)nn1-c1ccccc1)CS2(=O)=O,424.4820000000001,1.8812,1.0,6.0
CHEMBL3678671,active,6.342944147142896,Nc1ncc(-c2cccc(-n3nc(C(=O)N4CCOCC4)c4c3-c3ccccc3S(=O)(=O)C4)c2)cn1,502.55600000000027,2.3382000000000005,1.0,8.0
CHEMBL3683529,active,6.148130399270234,O=C(CC1CCCCC1)N1CCC(n2nc(C(=O)N3CCOCC3)c3c2-c2ccccc2S(=O)(=O)C3)C1,526.6590000000003,3.053600000000002,0.0,6.0
CHEMBL3683627,active,6.133712660915805,O=C(CC1CCCCC1)N1CCC[C@H](n2nc(C(=O)N3CCOCC3)c3c2-c2ccccc2S(=O)(=O)C3)C1,540.6860000000001,3.4437000000000024,0.0,6.0
CHEMBL3683537,active,6.134896025358872,O=C(CC1CCOCC1)N1CCC(n2nc(C(=O)N3CCOCC3)c3c2-c2ccccc2S(=O)(=O)C3)C1,528.6310000000002,1.8999000000000001,0.0,7.0
CHEMBL3683626,active,6.462180904926726,O=C(CC1CCOCC1)N1CCC[C@H](n2nc(C(=O)N3CCOCC3)c3c2-c2ccccc2S(=O)(=O)C3)C1,542.6580000000002,2.29,0.0,7.0
CHEMBL3683651,active,7.4089353929735005,O=C(CCN1CCC[C@H](n2nc(C(=O)N3CCOCC3)c3c2-c2ccccc2S(=O)(=O)C3)C1)N1CC(F)(F)C1,563.6270000000004,1.8143000000000005,0.0,7.0
CHEMBL3683663,active,7.3872161432802645,O=C(CCN1CCC[C@H](n2nc(C(=O)N3CCOCC3)c3c2-c2ccccc2S(=O)(=O)C3)C1)N1CCC(F)(F)C1,577.6540000000003,2.2044000000000006,0.0,7.0
CHEMBL3683526,active,6.057991946977687,O=C(NC1CCCCC1)N1CCC(n2nc(C(=O)N3CCOCC3)c3c2-c2ccccc2S(=O)(=O)C3)C1,527.6470000000003,2.5989000000000004,1.0,6.0
CHEMBL3678634,active,6.033389013318065,O=C(Nc1cccnc1)c1cccc(-n2nc(C(=O)N3CCOCC3)c3c2-c2ccccc2S(=O)(=O)C3)c1,529.5780000000003,2.9463000000000017,1.0,7.0
CHEMBL3678636,active,6.623423042943488,O=C(c1ccc(-n2nc(C(=O)N3CCOCC3)c3c2-c2ccccc2S(=O)(=O)C3)cc1)N1CCCCC1,520.6110000000002,2.9251000000000014,0.0,6.0
CHEMBL3678632,active,6.562249437179612,O=C(c1ccc(-n2nc(C(=O)N3CCOCC3)c3c2-c2ccccc2S(=O)(=O)C3)cc1)N1CCOCC1,522.5830000000002,1.7713999999999999,0.0,7.0
CHEMBL3678628,active,6.430626090384954,O=C(c1cccc(-n2nc(C(=O)N3CCOCC3)c3c2-c2ccccc2S(=O)(=O)C3)c1)N1CCC(O)CC1,536.6100000000001,1.8959000000000001,1.0,7.0
CHEMBL3678630,active,6.29929628285498,O=C(c1cccc(-n2nc(C(=O)N3CCOCC3)c3c2-c2ccccc2S(=O)(=O)C3)c1)N1CCCC(CO)C1,550.6370000000003,2.1435000000000004,1.0,7.0
CHEMBL3678629,active,6.458420756053419,O=C(c1cccc(-n2nc(C(=O)N3CCOCC3)c3c2-c2ccccc2S(=O)(=O)C3)c1)N1CCCC(O)C1,536.6100000000002,1.8959,1.0,7.0
CHEMBL3678611,active,6.739928612014925,O=C(c1cccc(-n2nc(C(=O)N3CCOCC3)c3c2-c2ccccc2S(=O)(=O)C3)c1)N1CCCCC1,520.6110000000003,2.9251000000000014,0.0,6.0
CHEMBL3678571,active,7.136677139879544,O=C(c1cccc(-n2nc(C(=O)N3CCOCC3)c3c2-c2ccccc2S(=O)(=O)C3)c1)N1CCOCC1,522.5830000000003,1.7713999999999999,0.0,7.0
CHEMBL3678631,active,6.496209316942819,O=C(c1cccc(-n2nc(C(=O)N3CCOCC3)c3c2-c2ccccc2S(=O)(=O)C3)c1)N1CCS(=O)(=O)CC1,570.6490000000001,1.1696,0.0,8.0
CHEMBL3683624,active,6.1249387366083,O=C(c1ccoc1)N1CCC[C@H](n2nc(C(=O)N3CCOCC3)c3c2-c2ccccc2S(=O)(=O)C3)C1,510.5720000000004,2.3801000000000005,0.0,7.0
CHEMBL3683571,inactive,4.987458027224164,O=C(c1nn(-c2ccc(-c3ccccc3)cc2)c2c1CS(=O)(=O)c1ccccc1-2)N1CCOCC1,485.56500000000034,3.966000000000003,0.0,5.0
CHEMBL3683683,active,6.002176919254275,O=C(c1nn(-c2ccc(C3(CN4CCOCC4)CC3)cc2)c2c1CS(=O)(=O)c1ccccc1-2)N1CCOCC1,548.6650000000001,2.6628000000000007,0.0,7.0
CHEMBL3683521,active,6.403402904373539,O=C(c1nn(-c2ccc(CN3CC(F)(F)C3)cc2)c2c1CS(=O)(=O)c1ccccc1-2)N1CCOCC1,514.5540000000002,2.749900000000001,0.0,6.0
CHEMBL3683652,active,6.640164517660112,O=C(c1nn(-c2ccc(CN3CC(F)C3)cc2)c2c1CS(=O)(=O)c1ccccc1-2)N1CCOCC1,496.5640000000003,2.452700000000001,0.0,6.0
CHEMBL3683518,active,6.638272163982407,O=C(c1nn(-c2ccc(CN3CCC(F)(F)CC3)cc2)c2c1CS(=O)(=O)c1ccccc1-2)N1CCOCC1,542.6080000000001,3.5301000000000027,0.0,6.0
CHEMBL3678652,active,6.607303046740334,O=C(c1nn(-c2ccc(CN3CCC(F)CC3)cc2)c2c1CS(=O)(=O)c1ccccc1-2)N1CCOCC1,524.6180000000003,3.2329000000000025,0.0,6.0
CHEMBL3678712,active,6.066006836168758,O=C(c1nn(-c2ccc(CN3CCC(O)C3)cc2)c2c1CS(=O)(=O)c1ccccc1-2)N1CCOCC1,508.60000000000036,1.8656000000000004,1.0,7.0
CHEMBL3683519,active,6.449771646944906,O=C(c1nn(-c2ccc(CN3CCCC(F)(F)C3)cc2)c2c1CS(=O)(=O)c1ccccc1-2)N1CCOCC1,542.6080000000001,3.5301000000000027,0.0,6.0
CHEMBL3678713,active,6.54515513999149,O=C(c1nn(-c2ccc(CN3CCCC3)cc2)c2c1CS(=O)(=O)c1ccccc1-2)N1CCOCC1,492.6010000000003,2.894800000000002,0.0,6.0
CHEMBL3678654,active,6.958607314841775,O=C(c1nn(-c2ccc(CN3CCCCC3)cc2)c2c1CS(=O)(=O)c1ccccc1-2)N1CCOCC1,506.62800000000027,3.284900000000002,0.0,6.0
CHEMBL3683501,active,6.431798275933005,O=C(c1nn(-c2ccc(CN3CCCCC3)nc2)c2c1CS(=O)(=O)c1ccccc1-2)N1CCOCC1,507.61600000000027,2.679900000000001,0.0,7.0
CHEMBL3683575,active,6.459670525209126,O=C(c1nn(-c2ccc(CN3CCOCC3)cc2)c2c1CS(=O)(=O)c1c(F)cccc1-2)N1CCOCC1,526.5900000000001,2.2703000000000007,0.0,7.0
CHEMBL3683619,active,6.694648630553377,O=C(c1nn(-c2ccc(CN3CCOCC3)cc2)c2c1CS(=O)(=O)c1cc(F)ccc1-2)N1CCOCC1,526.5900000000001,2.2703000000000007,0.0,7.0
CHEMBL3683620,active,6.255707016877324,O=C(c1nn(-c2ccc(CN3CCOCC3)cc2)c2c1CS(=O)(=O)c1ccc(F)cc1-2)N1CCOCC1,526.5900000000001,2.2703000000000007,0.0,7.0
CHEMBL3678622,active,6.769551078621726,O=C(c1nn(-c2ccc(CN3CCOCC3)cc2)c2c1CS(=O)(=O)c1ccccc1-2)N1CCOCC1,508.6000000000003,2.1312000000000006,0.0,7.0
CHEMBL3678696,active,6.3979400086720375,O=C(c1nn(-c2ccc(CN3CCOCC3)cc2)c2c1CS(=O)(=O)c1ncccc1-2)N1CCOCC1,509.5880000000003,1.5261999999999998,0.0,8.0
CHEMBL3678701,active,6.211831628858833,O=C(c1nn(-c2ccc(CN3CCOCC3)nc2)c2c1CS(=O)(=O)c1ccccc1-2)N1CCOCC1,509.5880000000003,1.5261999999999996,0.0,8.0
CHEMBL3683676,active,6.649751981665837,O=C(c1nn(-c2ccc(CNC3CCCOC3)cc2)c2c1CS(=O)(=O)c1ccccc1-2)N1CCOCC1,522.6270000000003,2.5676000000000005,1.0,7.0
CHEMBL3683677,active,6.806875401645538,O=C(c1nn(-c2ccc(CNC3CCOC3)cc2)c2c1CS(=O)(=O)c1ccccc1-2)N1CCOCC1,508.60000000000036,2.1775,1.0,7.0
CHEMBL3683658,active,6.97061622231479,O=C(c1nn(-c2ccc(CNC3CCOCC3)cc2)c2c1CS(=O)(=O)c1ccccc1-2)N1CCOCC1,522.6270000000003,2.5676000000000005,1.0,7.0
CHEMBL3678540,active,6.048176964684088,O=C(c1nn(-c2ccc(Cl)cc2)c2c1CS(=O)(=O)c1ccccc1-2)N1CCOCC1,443.91200000000026,2.952400000000001,0.0,5.0
CHEMBL3678539,active,6.428291168191312,O=C(c1nn(-c2ccc(F)cc2)c2c1CS(=O)(=O)c1ccccc1-2)N1CCOCC1,427.4570000000002,2.4381000000000004,0.0,5.0
CHEMBL3678534,active,6.173925197299173,O=C(c1nn(-c2ccc3c(c2)OCCO3)c2c1CS(=O)(=O)c1ccccc1-2)N1CCOCC1,467.5030000000002,2.0702,0.0,7.0
CHEMBL3678642,active,6.11690664142431,O=C(c1nn(-c2cccc(-c3ccccc3)c2)c2c1CS(=O)(=O)c1ccccc1-2)N1CCOCC1,485.56500000000034,3.966000000000003,0.0,5.0
CHEMBL3678683,active,6.552841968657781,O=C(c1nn(-c2cccc(-c3cccnc3)c2)c2c1CS(=O)(=O)c1ccccc1-2)N1CCOCC1,486.55300000000034,3.3610000000000015,0.0,6.0
CHEMBL3678672,active,6.714442690992226,O=C(c1nn(-c2cccc(-c3ccncc3)c2)c2c1CS(=O)(=O)c1ccccc1-2)N1CCOCC1,486.55300000000034,3.3610000000000015,0.0,6.0
CHEMBL3678682,active,6.083019952679618,O=C(c1nn(-c2cccc(-c3ccoc3)c2)c2c1CS(=O)(=O)c1ccccc1-2)N1CCOCC1,475.5260000000003,3.559000000000002,0.0,6.0
CHEMBL3678673,active,6.471083299722345,O=C(c1nn(-c2cccc(-c3cnn(CCN4CCOCC4)c3)c2)c2c1CS(=O)(=O)c1ccccc1-2)N1CCOCC1,588.6899999999999,2.494700000000001,0.0,8.0
CHEMBL3678536,active,6.210419287835575,O=C(c1nn(-c2cccc(Br)c2)c2c1CS(=O)(=O)c1ccccc1-2)N1CCOCC1,488.36300000000034,3.0615000000000014,0.0,5.0
CHEMBL3683511,active,6.191789027075778,O=C(c1nn(-c2cccc(CN3CC(F)(F)C3)c2)c2c1CS(=O)(=O)c1ccccc1-2)N1CCOCC1,514.5540000000002,2.749900000000001,0.0,6.0
CHEMBL3683510,active,6.251811972993799,O=C(c1nn(-c2cccc(CN3CCC(F)(F)CC3)c2)c2c1CS(=O)(=O)c1ccccc1-2)N1CCOCC1,542.6080000000001,3.5301000000000027,0.0,6.0
CHEMBL3683492,active,6.359518563029578,O=C(c1nn(-c2cccc(CN3CCC(F)CC3)c2)c2c1CS(=O)(=O)c1ccccc1-2)N1CCOCC1,524.6180000000003,3.2329000000000017,0.0,6.0
CHEMBL3678721,active,6.24184537803261,O=C(c1nn(-c2cccc(CN3CCC(O)CC3)c2)c2c1CS(=O)(=O)c1ccccc1-2)N1CCOCC1,522.6270000000003,2.2557,1.0,7.0
CHEMBL3683495,active,6.287350298372789,O=C(c1nn(-c2cccc(CN3CCCC3)c2)c2c1CS(=O)(=O)c1ccccc1-2)N1CCOCC1,492.6010000000003,2.894800000000001,0.0,6.0
CHEMBL3678663,active,6.404503778174426,O=C(c1nn(-c2cccc(CN3CCCCC3)c2)c2c1CS(=O)(=O)c1ccccc1-2)N1CCOCC1,506.62800000000027,3.284900000000002,0.0,6.0
CHEMBL3683497,active,6.1944991418416,O=C(c1nn(-c2cccc(CN3CCS(=O)(=O)CC3)c2)c2c1CS(=O)(=O)c1ccccc1-2)N1CCOCC1,556.6660000000002,1.5293999999999994,0.0,8.0
CHEMBL3678720,active,6.634512015109101,O=C(c1nn(-c2cccc(CN3CCSCC3)c2)c2c1CS(=O)(=O)c1ccccc1-2)N1CCOCC1,524.6680000000002,2.847800000000001,0.0,7.0
CHEMBL3678537,active,6.356547323513812,O=C(c1nn(-c2cccc(Cl)c2)c2c1CS(=O)(=O)c1ccccc1-2)N1CCOCC1,443.91200000000026,2.952400000000001,0.0,5.0
CHEMBL3683542,active,6.311580177997289,O=C(c1nn(-c2cccc(Cn3cccn3)c2)c2c1CS(=O)(=O)c1ccccc1-2)N1CCOCC1,489.55700000000036,2.543800000000001,0.0,6.0
CHEMBL3683541,active,6.171984935776023,O=C(c1nn(-c2cccc(Cn3ccnc3)c2)c2c1CS(=O)(=O)c1ccccc1-2)N1CCOCC1,489.55700000000036,2.543800000000001,0.0,6.0
CHEMBL3678661,active,6.131355561605174,O=C(c1nn(-c2cccc(F)c2)c2c1CS(=O)(=O)c1ccccc1-2)N1CCOCC1,427.4570000000002,2.4381000000000004,0.0,5.0
CHEMBL3678639,active,6.171984935776023,O=C(c1nn(-c2cccc(N3CCOCC3)c2)c2c1CS(=O)(=O)c1ccccc1-2)N1CCOCC1,494.57300000000026,2.1356,0.0,7.0
CHEMBL3683576,active,6.351639989019068,O=C(c1nn(-c2cccc(OCCn3cccn3)c2)c2c1CS(=O)(=O)c1ccccc1-2)N1CCOCC1,519.5830000000003,2.5745000000000005,0.0,7.0
CHEMBL3683592,active,6.747146969020107,O=C(c1nn(-c2cccc(OCCn3ccnc3)c2)c2c1CS(=O)(=O)c1ccccc1-2)N1CCOCC1,519.5830000000003,2.5745000000000005,0.0,7.0
CHEMBL3683567,inactive,4.747632485540101,O=C(c1nn(-c2ccccc2)c2c1CS(=O)(=O)c1c(-c3ccccc3)cccc1-2)N1CCOCC1,485.5650000000003,3.966000000000003,0.0,5.0
CHEMBL3678529,active,6.306273051076353,O=C(c1nn(-c2ccccc2)c2c1CS(=O)(=O)c1c(Br)cccc1-2)N1CCOCC1,488.3630000000002,3.0615000000000014,0.0,5.0
CHEMBL3678526,active,6.372634143407267,O=C(c1nn(-c2ccccc2)c2c1CS(=O)(=O)c1c(F)cccc1-2)N1CCOCC1,427.4570000000002,2.4381000000000004,0.0,5.0
CHEMBL3678608,active,6.043831569524636,O=C(c1nn(-c2ccccc2)c2c1CS(=O)(=O)c1cc(Br)ccc1-2)N1CCOCC1,488.3630000000002,3.0615000000000014,0.0,5.0
CHEMBL3678528,active,6.005682847330363,O=C(c1nn(-c2ccccc2)c2c1CS(=O)(=O)c1ccc(F)cc1-2)N1CCOCC1,427.4570000000002,2.4381000000000004,0.0,5.0
CHEMBL3678544,active,6.61261017366127,O=C(c1nn(-c2ccccc2)c2c1CS(=O)(=O)c1ccccc1-2)N1CCOCC1,409.4670000000002,2.2990000000000004,0.0,5.0
CHEMBL3678690,active,6.191789027075778,O=C(c1nn(-c2ccccc2)c2c1CS(=O)(=O)c1ccsc1-2)N1CCOCC1,415.4960000000002,2.3605,0.0,6.0
CHEMBL3678617,active,6.275724130399211,O=C(c1nn(-c2ccccc2)c2c1CS(=O)(=O)c1ncccc1-2)N1CCOCC1,410.4550000000002,1.6940000000000002,0.0,6.0
CHEMBL3683698,active,6.321481620959886,O=C(c1nn(-c2ccccc2)c2c1CS(=O)(=O)c1nccn1-2)N1CCOCC1,399.4320000000002,0.8177000000000001,0.0,6.0
CHEMBL3678700,active,6.0400051616715835,O=C(c1nn(C2CCC(CN3CCOCC3)CC2)c2c1CS(=O)(=O)c1ccccc1-2)N1CCOCC1,514.6480000000003,2.3733000000000004,0.0,7.0
CHEMBL3678655,active,6.413412695328245,O=C(c1nn(C2CCC(F)(F)CC2)c2c1CS(=O)(=O)c1ccccc1-2)N1CCOCC1,451.49500000000023,3.060200000000002,0.0,5.0
CHEMBL3678593,active,6.29073003902417,O=C(c1nn(C2CCC(O)CC2)c2c1CS(=O)(=O)c1ccccc1-2)N1CCOCC1,431.51400000000024,1.7858,1.0,6.0
CHEMBL3678678,active,6.441291429466834,O=C(c1nn(C2CCCC(C(=O)N3CCCCC3)C2)c2c1CS(=O)(=O)c1ccccc1-2)N1CCOCC1,526.6590000000002,3.053600000000002,0.0,6.0
CHEMBL3678679,active,6.376750709602099,O=C(c1nn(C2CCCC(C(=O)N3CCOCC3)C2)c2c1CS(=O)(=O)c1ccccc1-2)N1CCOCC1,528.6310000000002,1.8998999999999997,0.0,7.0
CHEMBL3678582,active,6.688246138944246,O=C(c1nn(C2CCCC2)c2c1CS(=O)(=O)c1ccccc1-2)N1CCOCC1,401.48800000000017,2.4249,0.0,5.0
CHEMBL3678614,active,6.1605219526258015,O=C(c1nn(C2CCCCC2)c2c1CS(=O)(=O)c1cc(Br)ccc1-2)N1CCOCC1,494.41100000000023,3.5775000000000023,0.0,5.0
CHEMBL3678523,active,6.866461091629782,O=C(c1nn(C2CCCCC2)c2c1CS(=O)(=O)c1ccccc1-2)N1CCOCC1,415.5150000000002,2.8150000000000013,0.0,5.0
CHEMBL3678691,active,6.673664139071248,O=C(c1nn(C2CCCCC2)c2c1CS(=O)(=O)c1ccsc1-2)N1CCOCC1,421.5440000000002,2.876500000000002,0.0,6.0
CHEMBL3678587,active,6.359518563029578,O=C(c1nn(C2CCCCC2)c2c1CS(=O)(=O)c1ncccc1-2)N1CCOCC1,416.5030000000002,2.21,0.0,6.0
CHEMBL3678686,active,6.519993057042849,O=C(c1nn(C2CCCCC2)c2c1CS(=O)(=O)c1sccc1-2)N1CCOCC1,421.5440000000002,2.876500000000002,0.0,6.0
CHEMBL3678586,active,6.328827157284917,O=C(c1nn(C2CCCCCC2)c2c1CS(=O)(=O)c1ccccc1-2)N1CCOCC1,429.5420000000002,3.2051000000000016,0.0,5.0
CHEMBL3683543,active,6.5951662833800615,O=C(c1nn(C2CCCN(C3CCOCC3)C2)c2c1CS(=O)(=O)c1ccccc1-2)N1CCOCC1,500.6210000000003,2.1257,0.0,7.0
CHEMBL3683643,active,7.173925197299173,O=C(c1nn(C2CCCN(C3COC3)C2)c2c1CS(=O)(=O)c1ccccc1-2)N1CCOCC1,472.56700000000023,1.3454999999999995,0.0,7.0
CHEMBL3683632,active,7.6777807052660805,O=C(c1nn(C2CCCN(CC3CCOC3)C2)c2c1CS(=O)(=O)c1c(F)cccc1-2)N1CCOCC1,518.6110000000002,2.1223,0.0,7.0
CHEMBL3683515,active,7.008773924307505,O=C(c1nn(C2CCCN(CC3CCOC3)C2)c2c1CS(=O)(=O)c1ccccc1-2)N1CCOCC1,500.6210000000003,1.9831999999999996,0.0,7.0
CHEMBL3683555,active,7.958607314841775,O=C(c1nn(C2CCCN(CC3CCOCC3)C2)c2c1CS(=O)(=O)c1ccccc1-2)N1CCOCC1,514.6480000000003,2.3733000000000004,0.0,7.0
CHEMBL3678708,active,6.168130225719498,O=C(c1nn(C2CCCN(CCC(C(F)(F)F)C(F)(F)F)C2)c2c1CS(=O)(=O)c1ccccc1-2)N1CCOCC1,594.5779999999999,4.077600000000003,0.0,6.0
CHEMBL3678707,active,6.826813731587726,O=C(c1nn(C2CCCN(CCC(F)(F)F)C2)c2c1CS(=O)(=O)c1ccccc1-2)N1CCOCC1,512.5540000000003,2.8991000000000016,0.0,6.0
CHEMBL3683544,active,6.809668301829708,O=C(c1nn(C2CCCN(CCC3CCCCC3)C2)c2c1CS(=O)(=O)c1ccccc1-2)N1CCOCC1,526.7030000000002,3.917100000000003,0.0,6.0
CHEMBL3683551,active,7.42021640338319,O=C(c1nn(C2CCCN(CCC3CCOCC3)C2)c2c1CS(=O)(=O)c1c(Cl)cccc1-2)N1CCOCC1,563.12,3.416800000000002,0.0,7.0
CHEMBL3683530,active,7.657577319177793,O=C(c1nn(C2CCCN(CCC3CCOCC3)C2)c2c1CS(=O)(=O)c1c(F)cccc1-2)N1CCOCC1,546.6650000000001,2.9025000000000016,0.0,7.0
CHEMBL3678709,active,7.267606240177032,O=C(c1nn(C2CCCN(CCC3CCOCC3)C2)c2c1CS(=O)(=O)c1ccccc1-2)N1CCOCC1,528.6750000000002,2.7634000000000016,0.0,7.0
CHEMBL3683636,active,7.214670164989233,O=C(c1nn(C2CCCN(CCC3CCOCC3)C2)c2c1CS(=O)(=O)c1ncccc1-2)N1CCOCC1,529.6630000000001,2.1584000000000003,0.0,8.0
CHEMBL3683546,active,7.045757490560675,O=C(c1nn(C2CCCN(CCCn3cccc3)C2)c2c1CS(=O)(=O)c1ccccc1-2)N1CCOCC1,523.6590000000003,2.8385000000000016,0.0,6.0
CHEMBL3678706,active,6.494850021680094,O=C(c1nn(C2CCCN(CCF)C2)c2c1CS(=O)(=O)c1ccccc1-2)N1CCOCC1,462.54700000000025,1.9162000000000001,0.0,6.0
CHEMBL3683642,active,7.42021640338319,O=C(c1nn(C2CCCN(CCN3CC(F)(F)C3)C2)c2c1CS(=O)(=O)c1c(F)cccc1-2)N1CCOCC1,553.6070000000002,2.0366999999999997,0.0,7.0
CHEMBL3683523,active,7.443697499232712,O=C(c1nn(C2CCCN(CCN3CC(F)(F)C3)C2)c2c1CS(=O)(=O)c1ccccc1-2)N1CCOCC1,535.6170000000002,1.8975999999999995,0.0,7.0
CHEMBL3683531,active,7.468521082957745,O=C(c1nn(C2CCCN(CCN3CCC(F)CC3)C2)c2c1CS(=O)(=O)c1ccccc1-2)N1CCOCC1,545.6810000000002,2.3806000000000003,0.0,7.0
CHEMBL3683534,active,7.080921907623926,O=C(c1nn(C2CCCN(CCN3CCCC(F)(F)C3)C2)c2c1CS(=O)(=O)c1ccccc1-2)N1CCOCC1,563.6710000000002,2.6778000000000013,0.0,7.0
CHEMBL3683559,active,6.920818753952375,O=C(c1nn(C2CCCN(CCN3CCOCC3)C2)c2c1CS(=O)(=O)c1c(Cl)cccc1-2)N1CCOCC1,564.1080000000001,1.9323000000000006,0.0,8.0
CHEMBL3683641,active,7.795880017344075,O=C(c1nn(C2CCCN(CCN3CCOCC3)C2)c2c1CS(=O)(=O)c1c(F)cccc1-2)N1CCOCC1,547.6530000000001,1.418000000000001,0.0,8.0
CHEMBL3678660,active,6.913640169325252,O=C(c1nn(C2CCCN(CCN3CCOCC3)C2)c2c1CS(=O)(=O)c1ccccc1-2)N1CCOCC1,529.6630000000001,1.2789000000000021,0.0,8.0
CHEMBL3683533,active,7.468521082957745,O=C(c1nn(C2CCCN(CCN3CC[C@@H](F)C3)C2)c2c1CS(=O)(=O)c1ccccc1-2)N1CCOCC1,531.6540000000002,1.9904999999999997,0.0,7.0
CHEMBL3683532,active,7.142667503568731,O=C(c1nn(C2CCCN(CCN3CC[C@H](F)C3)C2)c2c1CS(=O)(=O)c1ccccc1-2)N1CCOCC1,531.6540000000002,1.9904999999999997,0.0,7.0
CHEMBL3678619,active,6.088842391260023,O=C(c1nn(C2CCCN(CCO)C2)c2c1CS(=O)(=O)c1ccccc1-2)N1CCOCC1,460.55600000000027,0.9389999999999998,1.0,7.0
CHEMBL3678704,active,6.148130399270234,O=C(c1nn(C2CCCN(CCc3ccccc3)C2)c2c1CS(=O)(=O)c1ccccc1-2)N1CCOCC1,520.6550000000003,3.189400000000002,0.0,6.0
CHEMBL3683634,active,7.096910013008056,O=C(c1nn(C2CCCN(CCn3cccn3)C2)c2c1CS(=O)(=O)c1c(F)cccc1-2)N1CCOCC1,528.6100000000002,1.9825,0.0,7.0
CHEMBL3683513,active,6.772113295386326,O=C(c1nn(C2CCCN(CCn3cccn3)C2)c2c1CS(=O)(=O)c1ccccc1-2)N1CCOCC1,510.6200000000004,1.8433999999999995,0.0,7.0
CHEMBL3683547,active,7.2839966563652006,O=C(c1nn(C2CCCN(CCn3ccnc3)C2)c2c1CS(=O)(=O)c1ccccc1-2)N1CCOCC1,510.6200000000004,1.843399999999999,0.0,7.0
CHEMBL3678659,active,6.267606240177032,O=C(c1nn(C2CCCN(Cc3ccccc3)C2)c2c1CS(=O)(=O)c1ccccc1-2)N1CCOCC1,506.6280000000004,3.1469000000000023,0.0,6.0
CHEMBL3678703,active,6.329754146925876,O=C(c1nn(C2CCCN(c3ccccc3)C2)c2c1CS(=O)(=O)c1ccccc1-2)N1CCOCC1,492.60100000000034,3.1513000000000018,0.0,6.0
CHEMBL3683696,inactive,4.978810700930062,O=C(c1nn(C2CCCNC2)c2c1CS(=O)(=O)c1cc(OC(F)(F)F)ccc1-2)N1CCOCC1,500.49900000000025,2.1329000000000002,1.0,7.0
CHEMBL3678594,active,6.486782399932061,O=C(c1nn(C2CCCOC2)c2c1CS(=O)(=O)c1ccccc1-2)N1CCOCC1,417.4870000000002,1.6613,0.0,6.0
CHEMBL3683548,active,7.5376020021010435,O=C(c1nn(C2CCN(C3CCOCC3)C2)c2c1CS(=O)(=O)c1c(F)cccc1-2)N1CCOCC1,504.5840000000003,1.8747000000000003,0.0,7.0
CHEMBL3683550,active,7.113509274827518,O=C(c1nn(C2CCN(C3CCOCC3)C2)c2c1CS(=O)(=O)c1ccccc1-2)N1CCOCC1,486.5940000000003,1.7355999999999998,0.0,7.0
CHEMBL3683554,active,7.2441251443275085,O=C(c1nn(C2CCN(CC3CCOC3)C2)c2c1CS(=O)(=O)c1c(F)cccc1-2)N1CCOCC1,504.5840000000003,1.7322,0.0,7.0
CHEMBL3683553,active,6.452225294612178,O=C(c1nn(C2CCN(CC3CCOC3)C2)c2c1CS(=O)(=O)c1ccccc1-2)N1CCOCC1,486.5940000000003,1.5930999999999997,0.0,7.0
CHEMBL3683552,active,7.6777807052660805,O=C(c1nn(C2CCN(CCC3CCOCC3)C2)c2c1CS(=O)(=O)c1c(F)cccc1-2)N1CCOCC1,532.6380000000001,2.5124000000000013,0.0,7.0
CHEMBL3683520,active,6.552841968657781,O=C(c1nn(C2CCN(CCC3CCOCC3)C2)c2c1CS(=O)(=O)c1ccccc1-2)N1CCOCC1,514.6480000000003,2.3733000000000004,0.0,7.0
CHEMBL3683535,active,6.1598939055432425,O=C(c1nn(C2CCN(CCC3CCOCC3)CC2)c2c1CS(=O)(=O)c1ccccc1-2)N1CCOCC1,528.6750000000002,2.7634000000000016,0.0,7.0
CHEMBL3683524,active,6.515700160653214,O=C(c1nn(C2CCN(CCCl)C2)c2c1CS(=O)(=O)c1ccccc1-2)N1CCOCC1,464.97500000000025,1.7954,0.0,6.0
CHEMBL3683561,active,6.806875401645538,O=C(c1nn(C2CCN(CCN3CC(F)(F)C3)C2)c2c1CS(=O)(=O)c1ccccc1-2)N1CCOCC1,521.5900000000003,1.5074999999999996,0.0,7.0
CHEMBL3683527,active,6.826813731587726,O=C(c1nn(C2CCN(CCN3CCC(F)CC3)C2)c2c1CS(=O)(=O)c1ccccc1-2)N1CCOCC1,531.6540000000002,1.9904999999999997,0.0,7.0
CHEMBL3683525,active,6.716698771296451,O=C(c1nn(C2CCN(CCN3CCOCC3)C2)c2c1CS(=O)(=O)c1ccccc1-2)N1CCOCC1,515.6360000000002,0.8888000000000025,0.0,8.0
CHEMBL3683540,active,6.432973633840939,O=C(c1nn(C2CCN(CCN3CCOCC3)CC2)c2c1CS(=O)(=O)c1ccccc1-2)N1CCOCC1,529.6630000000001,1.2789000000000021,0.0,8.0
CHEMBL3683558,active,6.920818753952375,O=C(c1nn(C2CCN(CCN3CC[C@@H](F)C3)C2)c2c1CS(=O)(=O)c1ccccc1-2)N1CCOCC1,517.6270000000003,1.6004,0.0,7.0
CHEMBL3683560,active,6.716698771296451,O=C(c1nn(C2CCN(CCN3CC[C@H](F)C3)C2)c2c1CS(=O)(=O)c1ccccc1-2)N1CCOCC1,517.6270000000003,1.6004,0.0,7.0
CHEMBL3683536,active,6.590066876668706,O=C(c1nn(C2CCN(CCn3cccn3)C2)c2c1CS(=O)(=O)c1ccccc1-2)N1CCOCC1,496.59300000000036,1.4532999999999991,0.0,7.0
CHEMBL3683538,active,6.779891911959945,O=C(c1nn(C2CCN(CCn3ccnc3)C2)c2c1CS(=O)(=O)c1ccccc1-2)N1CCOCC1,496.59300000000036,1.4532999999999991,0.0,7.0
CHEMBL3683597,active,6.452225294612178,O=C(c1nn(C2CCOC2)c2c1CS(=O)(=O)c1c(F)cccc1-2)N1CCOCC1,421.4500000000002,1.4103,0.0,6.0
CHEMBL3683578,active,6.050609993355087,O=C(c1nn(C2CCOC2)c2c1CS(=O)(=O)c1ccccc1-2)N1CCOCC1,403.4600000000002,1.2712,0.0,6.0
CHEMBL3683514,active,6.171984935776023,O=C(c1nn(C2CCOCC2)c2c1CS(=O)(=O)c1c(Cl)cccc1-2)N1CCOCC1,451.93200000000024,2.3147,0.0,6.0
CHEMBL3678543,active,6.651695136951839,O=C(c1nn(C2CCOCC2)c2c1CS(=O)(=O)c1ccccc1-2)N1CCOCC1,417.4870000000002,1.6613,0.0,6.0
CHEMBL3683496,active,6.084072788302884,O=C(c1nn(C2CCOCC2)c2c1CS(=O)(=O)c1sccc1-2)N1CCOCC1,423.5160000000002,1.7227999999999999,0.0,7.0
CHEMBL3683633,active,7.022276394711152,O=C(c1nn(C2CN(CCC3CCOCC3)C2)c2c1CS(=O)(=O)c1ccccc1-2)N1CCOCC1,500.6210000000003,1.9832,0.0,7.0
CHEMBL3683635,active,6.627087997029894,O=C(c1nn(C2CN(CCN3CCOCC3)C2)c2c1CS(=O)(=O)c1ccccc1-2)N1CCOCC1,501.6090000000003,0.4987000000000019,0.0,8.0
CHEMBL3683621,inactive,4.991399828238082,O=C(c1nn(C2CN3CCC2CC3)c2c1CS(=O)(=O)c1ccccc1-2)N1CCOCC1,442.5410000000003,1.5765,0.0,6.0
CHEMBL3678560,active,6.607303046740334,O=C(c1nn(CC2CCCC2)c2c1CS(=O)(=O)c1ccccc1-2)N1CCOCC1,415.5150000000002,2.500000000000001,0.0,5.0
CHEMBL3678562,active,6.293282217663242,O=C(c1nn(CC2CCCCC2)c2c1CS(=O)(=O)c1ccccc1-2)N1CCOCC1,429.5420000000002,2.8901000000000012,0.0,5.0
CHEMBL3678567,active,6.274905478918531,O=C(c1nn(CC2CCNCC2)c2c1CS(=O)(=O)c1ccccc1-2)N1CCOCC1,430.53000000000026,1.3094,1.0,6.0
CHEMBL3678563,active,6.102922996790579,O=C(c1nn(CC2CCOCC2)c2c1CS(=O)(=O)c1ccccc1-2)N1CCOCC1,431.51400000000024,1.7364000000000002,0.0,6.0
CHEMBL3678581,active,6.0996328713435295,O=C(c1nn(CCN2CCOCC2)c2c1CS(=O)(=O)c1ccccc1-2)N1CCOCC1,446.5290000000003,0.6420000000000008,0.0,7.0
CHEMBL3678557,active,6.179798540514359,O=C(c1nn(CCO)c2c1CS(=O)(=O)c1ccccc1-2)N1CCOCC1,377.4220000000002,0.30210000000000004,1.0,6.0
CHEMBL3678724,active,6.204815410317576,O=C(c1nn(Cc2cc(Cl)cs2)c2c1CS(=O)(=O)c1ccccc1-2)N1CCOCC1,463.9680000000003,3.0730000000000013,0.0,6.0
CHEMBL3683563,inactive,4.968793580172537,O=C(c1nn(Cc2cnccn2)c2c1CS(=O)(=O)c1ccccc1-2)N1CCOCC1,425.47000000000025,1.1481000000000001,0.0,7.0
CHEMBL3683628,active,6.982966660701219,O=C(c1nn([C@@H]2CCCN(C3CCOCC3)CC2)c2c1CS(=O)(=O)c1ccccc1-2)N1CCOCC1,514.6480000000003,2.5158000000000005,0.0,7.0
CHEMBL3683602,active,6.080921907623926,O=C(c1nn([C@@H]2CCCN(CC3CCOCC3)C2)c2c1CS(=O)(=O)c1ncccc1-2)N1CCOCC1,515.6360000000002,1.7683000000000002,0.0,8.0
CHEMBL3683645,active,7.00436480540245,O=C(c1nn([C@@H]2CCCN(CCC3CCOCC3)C2)c2c1CS(=O)(=O)c1ncccc1-2)N1CCOCC1,529.6630000000001,2.1584000000000003,0.0,8.0
CHEMBL3683639,active,6.35261702988538,O=C(c1nn([C@@H]2CCCN(CCn3ccnc3)C2)c2c1CS(=O)(=O)c1ccccc1-2)N1CCOCC1,510.6200000000004,1.843399999999999,0.0,7.0
CHEMBL3683631,active,7.346787486224656,O=C(c1nn([C@@H]2CCN(C3CCOCC3)C2)c2c1CS(=O)(=O)c1ccccc1-2)N1CCOCC1,486.5940000000003,1.7355999999999998,0.0,7.0
CHEMBL3683637,active,7.259637310505756,O=C(c1nn([C@@H]2CCN(CCN3CCC(F)CC3)C2)c2c1CS(=O)(=O)c1ccccc1-2)N1CCOCC1,531.6540000000002,1.9904999999999997,0.0,7.0
CHEMBL3683690,active,7.6020599913279625,O=C(c1nn([C@H]2CCCN(C3CCCNC3)C2)c2c1CS(=O)(=O)c1ccccc1-2)N1CCOCC1,499.63700000000034,1.6987000000000003,1.0,7.0
CHEMBL3683647,active,7.6020599913279625,O=C(c1nn([C@H]2CCCN(C3CCCOC3)C2)c2c1CS(=O)(=O)c1c(F)cccc1-2)N1CCOCC1,518.6110000000002,2.2648,0.0,7.0
CHEMBL3683610,active,7.443697499232712,O=C(c1nn([C@H]2CCCN(C3CCCOC3)C2)c2c1CS(=O)(=O)c1ncccc1-2)N1CCOCC1,501.6090000000003,1.5207000000000004,0.0,8.0
CHEMBL3683649,active,7.886056647693163,O=C(c1nn([C@H]2CCCN(C3CCOCC3)C2)c2c1CS(=O)(=O)c1c(F)cccc1-2)N1CCOCC1,518.6110000000002,2.2648,0.0,7.0
CHEMBL3683605,active,7.096910013008056,O=C(c1nn([C@H]2CCCN(C3CCOCC3)C2)c2c1CS(=O)(=O)c1ccccc1-2)N1CCOCC1,500.6210000000003,2.1257,0.0,7.0
CHEMBL3683629,active,6.468521082957745,O=C(c1nn([C@H]2CCCN(C3CCOCC3)CC2)c2c1CS(=O)(=O)c1ccccc1-2)N1CCOCC1,514.6480000000003,2.5158000000000005,0.0,7.0
CHEMBL3683593,active,7.6020599913279625,O=C(c1nn([C@H]2CCCN(CC3CCOCC3)C2)c2c1CS(=O)(=O)c1ccccc1-2)N1CCOCC1,514.6480000000003,2.3733000000000004,0.0,7.0
CHEMBL3683606,active,7.886056647693163,O=C(c1nn([C@H]2CCCN(CC3CCOCC3)C2)c2c1CS(=O)(=O)c1ncccc1-2)N1CCOCC1,515.6360000000002,1.7683000000000002,0.0,8.0
CHEMBL3683580,active,8.221848749616356,O=C(c1nn([C@H]2CCCN(CCC3CCOCC3)C2)c2c1CS(=O)(=O)c1c(F)cccc1-2)N1CCOCC1,546.6650000000001,2.9025000000000016,0.0,7.0
CHEMBL3683556,active,7.6020599913279625,O=C(c1nn([C@H]2CCCN(CCC3CCOCC3)C2)c2c1CS(=O)(=O)c1ccccc1-2)N1CCOCC1,528.6750000000002,2.7634000000000016,0.0,7.0
CHEMBL3683644,active,7.795880017344075,O=C(c1nn([C@H]2CCCN(CCC3CCOCC3)C2)c2c1CS(=O)(=O)c1ncccc1-2)N1CCOCC1,529.6630000000001,2.1584000000000003,0.0,8.0
CHEMBL3683603,active,6.698970004336019,O=C(c1nn([C@H]2CCCN(CCF)C2)c2c1CS(=O)(=O)c1ccccc1-2)N1CCOCC1,462.54700000000025,1.9162000000000001,0.0,6.0
CHEMBL3683685,active,7.657577319177793,O=C(c1nn([C@H]2CCCN(CCN3CC(F)(F)C3)C2)c2c1CS(=O)(=O)c1c(F)cccc1-2)N1CCOCC1,553.6070000000002,2.0366999999999997,0.0,7.0
CHEMBL3683594,active,7.769551078621726,O=C(c1nn([C@H]2CCCN(CCN3CC(F)(F)C3)C2)c2c1CS(=O)(=O)c1ccccc1-2)N1CCOCC1,535.6170000000002,1.8975999999999995,0.0,7.0
CHEMBL3683599,active,7.494850021680094,O=C(c1nn([C@H]2CCCN(CCN3CCC(F)C3)C2)c2c1CS(=O)(=O)c1ccccc1-2)N1CCOCC1,531.6540000000002,1.9904999999999997,0.0,7.0
CHEMBL3683595,active,7.6020599913279625,O=C(c1nn([C@H]2CCCN(CCN3CCC(F)CC3)C2)c2c1CS(=O)(=O)c1ccccc1-2)N1CCOCC1,545.6810000000002,2.3806000000000003,0.0,7.0
CHEMBL3683684,active,7.7447274948966935,O=C(c1nn([C@H]2CCCN(CCN3CCC(O)CC3)C2)c2c1CS(=O)(=O)c1ccccc1-2)N1CCOCC1,543.6900000000002,1.4034000000000013,1.0,8.0
CHEMBL3683671,active,8.154901959985743,O=C(c1nn([C@H]2CCCN(CCN3CCCC3)C2)c2c1CS(=O)(=O)c1ccccc1-2)N1CCOCC1,513.6640000000003,2.0425000000000004,0.0,7.0
CHEMBL3683686,active,7.823908740944319,O=C(c1nn([C@H]2CCCN(CCN3CCCCC3)C2)c2c1CS(=O)(=O)c1ccccc1-2)N1CCOCC1,527.6910000000003,2.4326,0.0,7.0
CHEMBL3683615,active,7.522878745280337,O=C(c1nn([C@H]2CCCN(CCN3CCOCC3)C2)c2c1CS(=O)(=O)c1c(Cl)cccc1-2)N1CCOCC1,564.1080000000001,1.9323000000000006,0.0,8.0
CHEMBL3683584,active,7.795880017344075,O=C(c1nn([C@H]2CCCN(CCN3CCOCC3)C2)c2c1CS(=O)(=O)c1c(F)cccc1-2)N1CCOCC1,547.6530000000001,1.418000000000001,0.0,8.0
CHEMBL3683693,active,7.853871964321762,O=C(c1nn([C@H]2CCCN(CCN3CCOCC3)C2)c2c1CS(=O)(=O)c1cc(F)ccc1-2)N1CCOCC1,547.6530000000001,1.418000000000001,0.0,8.0
CHEMBL3683596,active,7.853871964321762,O=C(c1nn([C@H]2CCCN(CCN3CC[C@H](F)C3)C2)c2c1CS(=O)(=O)c1ccccc1-2)N1CCOCC1,531.6540000000002,1.9904999999999997,0.0,7.0
CHEMBL3683687,active,7.070581074285707,O=C(c1nn([C@H]2CCCN(Cc3cccnc3)C2)c2c1CS(=O)(=O)c1ccccc1-2)N1CCOCC1,507.6160000000004,2.541900000000001,0.0,7.0
CHEMBL3683694,active,7.346787486224656,O=C(c1nn([C@H]2CCCN(Cc3ccncc3)C2)c2c1CS(=O)(=O)c1ccccc1-2)N1CCOCC1,507.6160000000004,2.541900000000001,0.0,7.0
CHEMBL3683697,active,7.318758762624412,O=C(c1nn([C@H]2CCCN(c3cccnc3)C2)c2c1CS(=O)(=O)c1ccccc1-2)N1CCOCC1,493.58900000000034,2.5463000000000005,0.0,7.0
CHEMBL3683689,active,6.876148359032914,O=C(c1nn([C@H]2CCCN(c3ccncc3)C2)c2c1CS(=O)(=O)c1ccccc1-2)N1CCOCC1,493.58900000000034,2.5463000000000005,0.0,7.0
CHEMBL3683587,active,7.2839966563652006,O=C(c1nn([C@H]2CCN(C3CCOCC3)C2)c2c1CS(=O)(=O)c1c(F)cccc1-2)N1CCOCC1,504.5840000000003,1.8747000000000003,0.0,7.0
CHEMBL3683586,active,7.036212172654444,O=C(c1nn([C@H]2CCN(CCC3CCOCC3)C2)c2c1CS(=O)(=O)c1c(F)cccc1-2)N1CCOCC1,532.6380000000001,2.5124000000000013,0.0,7.0
CHEMBL3683662,active,7.096910013008056,O=C1CCCN1CCN1CCC[C@H](n2nc(C(=O)N3CCOCC3)c3c2-c2ccccc2S(=O)(=O)C3)C1,527.6470000000003,1.569100000000001,0.0,7.0
